ETA,actor_loss,bacth_reward,critic_loss,critic_q,critic_target_q,episode,episode_length,episode_reward,episode_sr,fps,frame,step,total_time
20851.42936706543,0.8717355132102966,-0.734375,0.16999268531799316,-0.9056179523468018,-0.8989711999893188,101.0,10.0,-10.0,0.0,4.747875949279969,1010,1010.0,149.44785404205322
18386.741866111755,0.90283203125,-0.734375,0.18098986148834229,-0.949461042881012,-1.0177315473556519,102.0,10.0,-10.0,0.0,5.383770584305996,1020,1020.0,151.30700278282166
17486.006335258484,0.9845378994941711,-0.75,0.2027854472398758,-0.9665446281433105,-1.1212037801742554,103.0,10.0,-10.0,0.0,5.660526371903368,1030,1030.0,153.07500052452087
18120.492351293564,1.2404967546463013,-0.78125,0.16452406346797943,-1.3108762502670288,-1.2505406141281128,104.0,10.0,-10.0,0.0,5.461772124140702,1040,1040.0,154.9074342250824
18820.42904472351,1.1164655685424805,-0.71875,0.16735707223415375,-1.1412900686264038,-1.2684948444366455,105.0,10.0,-10.0,0.0,5.258116048515078,1050,1050.0,156.81060028076172
19817.96066761017,1.2807780504226685,-0.703125,0.1323106735944748,-1.4062062501907349,-1.3650003671646118,106.0,10.0,-10.0,0.0,4.992945624406283,1060,1060.0,158.81483697891235
19344.592685222626,1.3326307535171509,-0.65625,0.16834528744220734,-1.4111183881759644,-1.3864473104476929,107.0,10.0,-10.0,0.0,5.1146075603639085,1070,1070.0,160.77150201797485
21752.00986456871,1.4422943592071533,-0.640625,0.15512306988239288,-1.5627145767211914,-1.4614828824996948,108.0,10.0,-10.0,0.0,4.548085469616512,1080,1080.0,162.97171807289124
19749.72012424469,1.7823705673217773,-0.78125,0.1342036873102188,-1.774011492729187,-1.6785380840301514,109.0,10.0,-10.0,0.0,5.008678572541701,1090,1090.0,164.96962642669678
20144.289984226227,1.685935616493225,-0.703125,0.1300063282251358,-1.7019319534301758,-1.6888049840927124,110.0,10.0,-10.0,0.0,4.910076258704101,1100,1100.0,167.0077736377716
18258.79056453705,1.8376680612564087,-0.625,0.17741966247558594,-1.9454900026321411,-1.7267738580703735,111.0,10.0,-10.0,0.0,5.416569057541387,1110,1110.0,168.8554515838623
19819.09272503853,1.9176197052001953,-0.75,0.13941822946071625,-2.0088138580322266,-1.9308451414108276,112.0,10.0,-10.0,0.0,4.989633045869296,1120,1120.0,170.8610336780548
18888.05406188965,1.9391965866088867,-0.71875,0.12714603543281555,-1.88359534740448,-1.9492021799087524,113.0,10.0,-10.0,0.0,5.2350549016857055,1130,1130.0,172.77277326583862
18035.42375421524,2.024392604827881,-0.6875,0.09690406173467636,-1.9873085021972656,-2.0382368564605713,114.0,10.0,-10.0,0.0,5.4819892976948825,1140,1140.0,174.5984332561493
19746.113002300262,1.8389290571212769,-0.609375,0.1020583063364029,-1.8905096054077148,-1.9588288068771362,115.0,10.0,-10.0,0.0,5.006554960385551,1150,1150.0,176.59749913215637
18711.98572397232,2.3135366439819336,-0.84375,0.07244270294904709,-2.2951102256774902,-2.4363813400268555,116.0,10.0,-10.0,0.0,5.282710315098262,1160,1160.0,178.49210238456726
19376.832642555237,2.1378986835479736,-0.75,0.0516144223511219,-2.3407328128814697,-2.3803114891052246,117.0,10.0,-10.0,0.0,5.100936867407753,1170,1170.0,180.45399236679077
18825.20612168312,2.4489996433258057,-0.734375,0.0705932155251503,-2.5832958221435547,-2.508253335952759,118.0,10.0,-10.0,0.0,5.249876116159297,1180,1180.0,182.36026787757874
17641.312235355377,2.024538278579712,-0.65625,0.0639764815568924,-2.2533490657806396,-2.2455554008483887,119.0,10.0,-10.0,0.0,5.6016241128566655,1190,1190.0,184.14678406715393
18722.334530115128,2.3181753158569336,-0.765625,0.05419158563017845,-2.4930949211120605,-2.530289888381958,120.0,10.0,-10.0,0.0,5.277653801189311,1200,1200.0,186.04357481002808
19284.293870925903,2.4809153079986572,-0.71875,0.0416378490626812,-2.5739424228668213,-2.594257116317749,121.0,10.0,-10.0,0.0,5.123340302802401,1210,1210.0,187.99687552452087
20533.094347000122,2.251206398010254,-0.71875,0.03429235517978668,-2.655041456222534,-2.605178117752075,122.0,10.0,-4.0,1.0,4.81125729665939,1220,1220.0,190.07676935195923
18568.490925312042,2.508861780166626,-0.75,0.06473279744386673,-2.5910675525665283,-2.653704881668091,123.0,10.0,-8.0,0.0,5.319764562307316,1230,1230.0,191.95812129974365
21794.048450946808,2.362581253051758,-0.734375,0.05044611915946007,-2.677338123321533,-2.6264562606811523,124.0,10.0,-4.0,1.0,4.5319712040793,1240,1240.0,194.16609072685242
19540.307719230652,2.4244606494903564,-0.765625,0.03989000245928764,-2.7237863540649414,-2.6824159622192383,125.0,10.0,-10.0,0.0,5.054168103136116,1250,1250.0,196.14603900909424
21386.995762586594,2.449373960494995,-0.765625,0.06432681530714035,-2.740751266479492,-2.6729795932769775,126.0,10.0,-5.0,1.0,4.617291792461502,1260,1260.0,198.31324768066406
18039.203794956207,2.444563627243042,-0.65625,0.04965867102146149,-2.7606732845306396,-2.7123515605926514,127.0,10.0,-10.0,0.0,5.473634042961911,1270,1270.0,200.1415729522705
18875.98433947563,2.317207098007202,-0.609375,0.021640127524733543,-2.507761001586914,-2.5157370567321777,128.0,10.0,-5.0,1.0,5.230455706276703,1280,1280.0,202.05497217178345
17966.98991394043,2.2492599487304688,-0.625,0.04098469763994217,-2.3875844478607178,-2.385042190551758,129.0,10.0,-5.0,1.0,5.494520811379986,1290,1290.0,203.87643957138062
19200.54170036316,2.003484010696411,-0.59375,0.0328945592045784,-2.2207319736480713,-2.1997568607330322,130.0,10.0,-7.0,0.0,5.1410007873961705,1300,1300.0,205.82297277450562
19701.977133750916,2.2504377365112305,-0.625,0.026922769844532013,-2.3961760997772217,-2.418492078781128,131.0,10.0,-5.0,1.0,5.009649505222486,1310,1310.0,207.82071018218994
18322.48938345909,2.1552884578704834,-0.578125,0.048455603420734406,-2.468587636947632,-2.3784236907958984,132.0,10.0,-6.0,0.0,5.386276828141809,1320,1320.0,209.67868638038635
21299.303524017334,2.402926445007324,-0.71875,0.033920496702194214,-2.5930724143981934,-2.688063621520996,133.0,10.0,-8.0,1.0,4.633015341967747,1330,1330.0,211.83843803405762
18746.19998216629,2.2319912910461426,-0.796875,0.04582088068127632,-2.5020251274108887,-2.580789089202881,134.0,10.0,-2.0,1.0,5.263466734264392,1340,1340.0,213.73997831344604
19133.322573661804,2.4111275672912598,-0.71875,0.035283464938402176,-2.6383090019226074,-2.6485583782196045,135.0,10.0,-2.0,1.0,5.156448892771586,1350,1350.0,215.68073630332947
20025.93560576439,2.0871927738189697,-0.65625,0.025318283587694168,-2.405125617980957,-2.349863052368164,136.0,10.0,-6.0,1.0,4.926111915170844,1360,1360.0,217.71215510368347
18221.621910095215,2.1914217472076416,-0.578125,0.045296140015125275,-2.4158520698547363,-2.3166966438293457,137.0,10.0,-4.0,1.0,5.413349068852706,1370,1370.0,219.56080055236816
18671.577335357666,2.054211139678955,-0.578125,0.035255055874586105,-2.195690155029297,-2.199289560317993,138.0,10.0,-4.0,1.0,5.28236036134066,1380,1380.0,221.4558961391449
19135.35134124756,2.3443689346313477,-0.71875,0.025311503559350967,-2.636725425720215,-2.635897636413574,139.0,10.0,-6.0,1.0,5.153811824056653,1390,1390.0,223.3975841999054
19228.80940747261,2.425555467605591,-0.640625,0.031880829483270645,-2.5653202533721924,-2.5765223503112793,140.0,10.0,-6.0,1.0,5.128242623366928,1400,1400.0,225.348979473114
18765.666313171387,2.28574275970459,-0.6875,0.027680756524205208,-2.579683542251587,-2.594043254852295,141.0,10.0,-9.0,1.0,5.254276525784427,1410,1410.0,227.25416898727417
19398.134601593018,1.9275224208831787,-0.59375,0.03494269773364067,-2.1288692951202393,-2.1317636966705322,142.0,10.0,-1.0,1.0,5.082447463371224,1420,1420.0,229.22316646575928
18760.882152557373,2.6503357887268066,-0.671875,0.026390668004751205,-2.883552074432373,-2.858868360519409,143.0,10.0,-4.0,1.0,5.254550356341435,1430,1430.0,231.12772941589355
20249.647054195404,2.6843924522399902,-0.65625,0.03752657771110535,-2.8562064170837402,-2.8412411212921143,144.0,10.0,-6.0,1.0,4.8677391628698965,1440,1440.0,233.18352913856506
18643.707244873047,1.8507840633392334,-0.609375,0.031566448509693146,-2.0676612854003906,-2.089630126953125,145.0,10.0,-3.0,1.0,5.286502233996602,1450,1450.0,235.07644391059875
18623.063356876373,2.176424980163574,-0.609375,0.02883889153599739,-2.5678813457489014,-2.5238797664642334,146.0,10.0,-1.0,1.0,5.291825416231076,1460,1460.0,236.96754837036133
23272.201768875122,2.35235857963562,-0.625,0.030115194618701935,-2.6211905479431152,-2.611945390701294,147.0,10.0,-4.0,1.0,4.234236235085848,1470,1470.0,239.33077335357666
19354.684024095535,1.9873554706573486,-0.65625,0.025224782526493073,-2.1949548721313477,-2.151383638381958,148.0,10.0,-5.0,1.0,5.090757352449437,1480,1480.0,241.2964973449707
18481.155695915222,1.6982922554016113,-0.578125,0.036045923829078674,-1.921722173690796,-1.903723955154419,149.0,10.0,-3.0,1.0,5.3308354532057365,1490,1490.0,243.17372465133667
21708.510775327682,1.9606159925460815,-0.609375,0.01528237760066986,-2.1739890575408936,-2.1632001399993896,150.0,10.0,-6.0,1.0,4.537851583626792,1500,1500.0,245.37944531440735
18030.70100545883,2.1604647636413574,-0.671875,0.016013262793421745,-2.384373188018799,-2.407252788543701,151.0,10.0,-4.0,1.0,5.462904629730088,1510,1510.0,247.21131467819214
18968.04333972931,2.551532030105591,-0.671875,0.025201573967933655,-2.6308069229125977,-2.6206045150756836,152.0,10.0,-2.0,1.0,5.1924174906174345,1520,1520.0,249.13855075836182
19863.36395072937,2.2394821643829346,-0.703125,0.02512759529054165,-2.5401430130004883,-2.487170934677124,153.0,10.0,-3.0,1.0,4.957871196655181,1530,1530.0,251.15691208839417
19651.11207485199,1.8953368663787842,-0.5625,0.023523923009634018,-2.128389835357666,-2.068291425704956,154.0,10.0,-6.0,1.0,5.010912340478404,1540,1540.0,253.1540858745575
20473.627472877502,1.8697099685668945,-0.609375,0.028677739202976227,-2.0897409915924072,-2.135728120803833,155.0,10.0,-3.0,1.0,4.809113584314024,1550,1550.0,255.2351040840149
18539.481296539307,2.3230152130126953,-0.765625,0.02464611642062664,-2.6775875091552734,-2.69356107711792,156.0,10.0,-3.0,1.0,5.310288806104693,1560,1560.0,257.1196267604828
17916.492413520813,2.006354331970215,-0.65625,0.023534825071692467,-2.2593812942504883,-2.3137166500091553,157.0,10.0,-3.0,1.0,5.494379018390426,1570,1570.0,258.94134402275085
18680.207018136978,1.8952131271362305,-0.5,0.016820423305034637,-2.051386833190918,-2.0216498374938965,158.0,10.0,-5.0,1.0,5.269213553384734,1580,1580.0,260.8405747413635
21029.043892383575,1.5883066654205322,-0.5,0.025436975061893463,-1.7237201929092407,-1.6627024412155151,159.0,10.0,-3.0,1.0,4.680193759814555,1590,1590.0,262.9787299633026
17544.013524770737,2.0468621253967285,-0.671875,0.020242948085069656,-2.298739433288574,-2.274590015411377,160.0,10.0,-3.0,1.0,5.609320801141255,1600,1600.0,264.7629041671753
18837.8635597229,2.0076568126678467,-0.65625,0.022768009454011917,-2.3592116832733154,-2.3337457180023193,161.0,10.0,-3.0,1.0,5.223522279372929,1610,1610.0,266.6786787509918
19125.151144981384,1.835940957069397,-0.640625,0.03941519930958748,-2.0929934978485107,-2.1320953369140625,162.0,10.0,-6.0,1.0,5.1445345061138745,1620,1620.0,268.62408995628357
19277.589878559113,1.549028754234314,-0.5625,0.029894854873418808,-1.6922452449798584,-1.6863486766815186,163.0,10.0,-2.0,1.0,5.103335044461136,1630,1630.0,270.58491563796997
18236.286166906357,1.946540355682373,-0.625,0.016502873972058296,-2.2129902839660645,-2.184034585952759,164.0,10.0,-1.0,1.0,5.394190412437891,1640,1640.0,272.4402606487274
17506.956422805786,1.874561071395874,-0.59375,0.029841549694538116,-2.135032892227173,-2.1413826942443848,165.0,10.0,-5.0,1.0,5.618338083704223,1650,1650.0,274.2216441631317
18332.089079618454,1.9873536825180054,-0.640625,0.01440377812832594,-2.2716007232666016,-2.308589220046997,166.0,10.0,-4.0,1.0,5.364909562290157,1660,1660.0,276.0873472690582
18978.310020446777,1.8635883331298828,-0.625,0.01340738870203495,-2.122063636779785,-2.0793378353118896,167.0,10.0,-7.0,1.0,5.181704793211347,1670,1670.0,278.0186541080475
17850.721574306488,2.2110064029693604,-0.6875,0.020182397216558456,-2.4227099418640137,-2.4315671920776367,168.0,10.0,-5.0,1.0,5.508460797547349,1680,1680.0,279.8354413509369
18212.736486434937,2.102215528488159,-0.578125,0.030963269993662834,-2.3253910541534424,-2.3704230785369873,169.0,10.0,-5.0,1.0,5.398419950413817,1690,1690.0,281.6892247200012
17690.748441696167,1.761232614517212,-0.671875,0.029326794669032097,-2.0960536003112793,-2.0954480171203613,170.0,10.0,-4.0,1.0,5.557141933480241,1700,1700.0,283.4902083873749
18111.805186271667,1.3523656129837036,-0.53125,0.015766657888889313,-1.5351965427398682,-1.560664176940918,171.0,10.0,-3.0,1.0,5.427399366823421,1710,1710.0,285.3341157436371
18000.159573078156,1.7027841806411743,-0.546875,0.012993387877941132,-1.8178341388702393,-1.8118877410888672,172.0,10.0,-2.0,1.0,5.4605071472259015,1720,1720.0,287.1668031215668
18041.981643676758,2.051635265350342,-0.703125,0.015126295387744904,-2.3143012523651123,-2.319648265838623,173.0,10.0,-5.0,1.0,5.447295199662537,1730,1730.0,289.0047674179077
19402.354253292084,1.6236854791641235,-0.609375,0.022607972845435143,-1.8550604581832886,-1.8649871349334717,174.0,10.0,-3.0,1.0,5.064849281541496,1740,1740.0,290.98067116737366
17615.84614753723,2.1779470443725586,-0.625,0.023432208225131035,-2.3550426959991455,-2.337462902069092,175.0,10.0,-5.0,1.0,5.577932457915861,1750,1750.0,292.77489161491394
17903.11558842659,1.9535850286483765,-0.609375,0.017565522342920303,-2.196624755859375,-2.146810293197632,176.0,10.0,-6.0,1.0,5.487871622943293,1760,1760.0,294.5985405445099
19283.491371154785,1.7602055072784424,-0.53125,0.035628583282232285,-1.9140915870666504,-1.892148733139038,177.0,10.0,-4.0,1.0,5.0945131309028575,1770,1770.0,296.5628516674042
17471.611478328705,1.5197904109954834,-0.453125,0.026454225182533264,-1.6092824935913086,-1.5998727083206177,178.0,10.0,-6.0,1.0,5.622263299629902,1780,1780.0,298.34294724464417
18971.78973340988,1.8241266012191772,-0.640625,0.025849509984254837,-2.0326621532440186,-1.9883289337158203,179.0,10.0,-6.0,1.0,5.177160477750377,1790,1790.0,300.2760171890259
18013.227701187134,2.2271933555603027,-0.65625,0.019453374668955803,-2.4546661376953125,-2.4567549228668213,180.0,10.0,-4.0,1.0,5.452104510594046,1800,1800.0,302.11173391342163
18742.2234582901,2.1554958820343018,-0.6875,0.016831260174512863,-2.4435372352600098,-2.481632709503174,181.0,10.0,-4.0,1.0,5.239506412808453,1810,1810.0,304.02162528038025
19193.250735282898,1.7277518510818481,-0.5625,0.02071155607700348,-1.847414493560791,-1.8106220960617065,182.0,10.0,-6.0,1.0,5.115860848912769,1820,1820.0,305.977658033371
19837.28952407837,2.090115547180176,-0.625,0.03406880050897598,-2.2535667419433594,-2.26564359664917,183.0,10.0,-4.0,1.0,4.949264862058386,1830,1830.0,307.99964594841003
17885.855711698532,1.299390196800232,-0.421875,0.020243879407644272,-1.3563259840011597,-1.3624788522720337,184.0,10.0,-3.0,1.0,5.488694618943523,1840,1840.0,309.82316756248474
19338.42130279541,2.001962661743164,-0.625,0.013454969972372055,-2.1922426223754883,-2.2197341918945312,185.0,10.0,-5.0,1.0,5.075905549012461,1850,1850.0,311.7950601577759
19338.950414657593,1.922052264213562,-0.625,0.011902357451617718,-2.1140849590301514,-2.125537872314453,186.0,10.0,-3.0,1.0,5.075249581570314,1860,1860.0,313.76742148399353
18640.68114089966,1.6217681169509888,-0.578125,0.02868010103702545,-1.8281028270721436,-1.8274338245391846,187.0,10.0,-5.0,1.0,5.264829072402847,1870,1870.0,315.66848707199097
18094.134208917618,1.8311601877212524,-0.546875,0.016620786860585213,-2.0005743503570557,-1.9438815116882324,188.0,10.0,-5.0,1.0,5.423304528803431,1880,1880.0,317.51389622688293
18383.51762676239,1.7957847118377686,-0.609375,0.01156600657850504,-2.0483224391937256,-2.013094663619995,189.0,10.0,-4.0,1.0,5.337389828873594,1890,1890.0,319.38884353637695
18658.318058013916,1.7051308155059814,-0.484375,0.020617151632905006,-1.7814574241638184,-1.8168838024139404,190.0,10.0,-6.0,1.0,5.258244590694008,1900,1900.0,321.29205656051636
20138.84449481964,1.7846158742904663,-0.671875,0.01952921599149704,-1.9088414907455444,-1.8753843307495117,191.0,10.0,-7.0,1.0,4.871183151805679,1910,1910.0,323.34631609916687
19044.930716753006,1.739037275314331,-0.5625,0.013746690936386585,-1.8826580047607422,-1.8417081832885742,192.0,10.0,-4.0,1.0,5.150451921240881,1920,1920.0,325.2896728515625
19273.285053253174,1.9642395973205566,-0.5625,0.01155216433107853,-2.0678484439849854,-2.064530849456787,193.0,10.0,-1.0,1.0,5.088909323397616,1930,1930.0,327.2561299800873
19128.413321971893,1.6010518074035645,-0.515625,0.016077695414423943,-1.8277502059936523,-1.807539939880371,194.0,10.0,-5.0,1.0,5.126928112085056,1940,1940.0,329.2081289291382
18556.348623275757,1.6412460803985596,-0.625,0.011331607587635517,-1.8613934516906738,-1.8467981815338135,195.0,10.0,-3.0,1.0,5.284444800578954,1950,1950.0,331.10182189941406
18986.109167337418,1.1658414602279663,-0.453125,0.014280703850090504,-1.400773286819458,-1.4276106357574463,196.0,10.0,-5.0,1.0,5.164301918619505,1960,1960.0,333.03951144218445
20438.717748641968,1.9763957262039185,-0.53125,0.006670402362942696,-2.057908535003662,-2.0690314769744873,197.0,10.0,-2.0,1.0,4.7967784087881045,1970,1970.0,335.12565994262695
20154.02604532242,1.9404363632202148,-0.609375,0.007111872546374798,-2.0635228157043457,-2.071680784225464,198.0,10.0,-2.0,1.0,4.86404055346311,1980,1980.0,337.1834752559662
18810.39701604843,1.2405283451080322,-0.53125,0.016294483095407486,-1.3830420970916748,-1.4107431173324585,199.0,10.0,-4.0,1.0,5.2109479622557915,1990,1990.0,339.1038041114807
18989.213172912598,1.8336386680603027,-0.671875,0.010157613083720207,-2.04384708404541,-2.0594820976257324,200.0,10.0,-6.0,1.0,5.161351294945048,2000,2000.0,341.0427231788635
19591.67971611023,1.5810080766677856,-0.59375,0.01065604668110609,-1.7339891195297241,-1.759767770767212,201.0,10.0,-6.0,1.0,5.00212342280252,2010,2010.0,398.7393317222595
20981.88811326027,1.5077918767929077,-0.5,0.027118556201457977,-1.5861523151397705,-1.5679813623428345,202.0,10.0,-6.0,1.0,4.670218403179438,2020,2020.0,400.88198733329773
19119.609701156616,1.5250242948532104,-0.546875,0.008345013484358788,-1.586569905281067,-1.5947024822235107,203.0,10.0,-5.0,1.0,5.124581596143818,2030,2030.0,402.8360869884491
18270.47077870369,1.7542316913604736,-0.5625,0.01696605049073696,-1.893662929534912,-1.9439736604690552,204.0,10.0,-6.0,1.0,5.362204465699656,2040,2040.0,404.7024850845337
18882.605199813843,2.1697473526000977,-0.703125,0.01476975530385971,-2.304286241531372,-2.332228183746338,205.0,10.0,-1.0,1.0,5.187843465633955,2050,2050.0,406.6314525604248
21825.410091876984,1.8716256618499756,-0.59375,0.035723909735679626,-2.0107665061950684,-2.0377299785614014,206.0,10.0,-5.0,1.0,4.48788818114603,2060,2060.0,408.86118960380554
19391.31458711624,1.5705515146255493,-0.546875,0.015779618173837662,-1.7079675197601318,-1.7190682888031006,207.0,10.0,-4.0,1.0,5.050714821834317,2070,2070.0,410.842666387558
25317.272894382477,1.4776289463043213,-0.515625,0.008920544758439064,-1.6221587657928467,-1.622138500213623,208.0,10.0,-6.0,1.0,3.8681101400036337,2080,2080.0,413.42937564849854
25534.181579589844,1.6648622751235962,-0.59375,0.02434045448899269,-1.8127127885818481,-1.8291823863983154,209.0,10.0,-3.0,1.0,3.834859546791587,2090,2090.0,416.038437128067
19474.736327648163,1.5228883028030396,-0.4375,0.019234616309404373,-1.5634479522705078,-1.5439178943634033,210.0,10.0,-7.0,0.0,5.027539184753828,2100,2100.0,418.0300815105438
19567.46812105179,1.4156726598739624,-0.546875,0.008048376068472862,-1.5335553884506226,-1.534008264541626,211.0,10.0,-6.0,1.0,5.0032022229116935,2110,2110.0,420.0304284095764
19502.534007310867,1.8025484085083008,-0.59375,0.008211122825741768,-1.892789602279663,-1.8699873685836792,212.0,10.0,-8.0,1.0,5.019347740314372,2120,2120.0,422.0243101119995
19353.807034492493,1.6247555017471313,-0.546875,0.013084814883768559,-1.7700016498565674,-1.7921253442764282,213.0,10.0,-6.0,1.0,5.0574029091825485,2130,2130.0,424.0030987262726
19034.199968338013,1.5109683275222778,-0.546875,0.018548035994172096,-1.7007030248641968,-1.6736910343170166,214.0,10.0,-1.0,1.0,5.14179740481867,2140,2140.0,425.9493770599365
17726.114798069,1.8851591348648071,-0.625,0.038930997252464294,-2.055391311645508,-2.0199966430664062,215.0,10.0,-2.0,1.0,5.520668297300005,2150,2150.0,427.7623014450073
19192.422958612442,1.4915610551834106,-0.546875,0.013207513839006424,-1.6351053714752197,-1.656610369682312,216.0,10.0,-3.0,1.0,5.098366173515919,2160,2160.0,429.7251274585724
18352.88914871216,1.8030505180358887,-0.625,0.020731620490550995,-1.9486417770385742,-1.9531598091125488,217.0,10.0,-1.0,1.0,5.331040753704195,2170,2170.0,431.6025083065033
25293.73659825325,1.4242671728134155,-0.59375,0.013063089922070503,-1.5620611906051636,-1.57356595993042,218.0,10.0,-6.0,1.0,3.8677559410797375,2180,2180.0,434.19066977500916
19188.975880622864,1.371626615524292,-0.5,0.00939223263412714,-1.5757741928100586,-1.5473458766937256,219.0,10.0,-2.0,1.0,5.097718638480295,2190,2190.0,436.1537926197052
18600.201417922974,1.2743135690689087,-0.5,0.019962074235081673,-1.4700905084609985,-1.4701019525527954,220.0,10.0,-5.0,1.0,5.258545206169178,2200,2200.0,438.0569005012512
22835.94361782074,1.4408066272735596,-0.484375,0.018556900322437286,-1.516792893409729,-1.5657626390457153,221.0,10.0,-5.0,1.0,4.282722082203721,2210,2210.0,440.3933017253876
23618.735028505325,1.38968026638031,-0.515625,0.0340099073946476,-1.5870915651321411,-1.5927659273147583,222.0,10.0,-10.0,0.0,4.140357215658576,2220,2220.0,442.810090303421
18765.68993473053,1.7342109680175781,-0.53125,0.0066501977853477,-1.8293195962905884,-1.7849383354187012,223.0,10.0,-3.0,1.0,5.210573143864752,2230,2230.0,444.7306971549988
19492.013557434082,1.2936159372329712,-0.625,0.01458740420639515,-1.4341177940368652,-1.4350101947784424,224.0,10.0,-7.0,0.0,5.015900471847937,2240,2240.0,446.72580742836
20130.15464782715,2.05543851852417,-0.671875,0.02416369877755642,-2.173879623413086,-2.1774611473083496,225.0,10.0,-2.0,1.0,4.856395875257333,2250,2250.0,448.7863018512726
17898.293888568878,1.6866161823272705,-0.59375,0.010883362963795662,-1.8003740310668945,-1.8177671432495117,226.0,10.0,-3.0,1.0,5.461414401203351,2260,2260.0,450.61879539489746
21794.594040870667,1.656572937965393,-0.53125,0.021927103400230408,-1.7582502365112305,-1.793424129486084,227.0,10.0,-5.0,1.0,4.484598328223571,2270,2270.0,452.85016345977783
18354.57030940056,2.1109390258789062,-0.703125,0.014771630056202412,-2.2439303398132324,-2.2473032474517822,228.0,10.0,-5.0,1.0,5.324559406871332,2280,2280.0,454.7297480106354
20548.178457260132,1.9902069568634033,-0.546875,0.03201449662446976,-2.2254388332366943,-2.168652057647705,229.0,10.0,-4.0,1.0,4.7556526824631185,2290,2290.0,456.8339169025421
20008.315946817398,1.5823990106582642,-0.5625,0.014112640172243118,-1.7218213081359863,-1.681839942932129,230.0,10.0,-4.0,1.0,4.883469466381659,2300,2300.0,458.88306522369385
19634.34098482132,1.58770751953125,-0.5,0.009736292995512486,-1.7022837400436401,-1.7015196084976196,231.0,10.0,-4.0,1.0,4.975975515324336,2310,2310.0,460.8942756652832
19046.792798280716,1.311661720275879,-0.515625,0.016609961166977882,-1.4710348844528198,-1.4749085903167725,232.0,10.0,-5.0,1.0,5.12894748394691,2320,2320.0,462.84542894363403
20046.980283737183,1.4262943267822266,-0.546875,0.007231957744807005,-1.493931770324707,-1.478285551071167,233.0,10.0,-5.0,1.0,4.87255430082113,2330,2330.0,464.8991620540619
19864.33539915085,1.114953875541687,-0.453125,0.01247398927807808,-1.1994047164916992,-1.1809858083724976,234.0,10.0,-5.0,1.0,4.916852139144567,2340,2340.0,466.9344606399536
21178.62524175644,1.6344528198242188,-0.59375,0.03063204325735569,-1.8343994617462158,-1.8199284076690674,235.0,10.0,-5.0,1.0,4.6112530386273844,2350,2350.0,469.1047787666321
19238.15149784088,1.7391940355300903,-0.625,0.027038369327783585,-1.9164135456085205,-1.917496681213379,236.0,10.0,-1.0,1.0,5.075851492850514,2360,2360.0,471.0763692855835
19718.49361228943,1.6237188577651978,-0.578125,0.019380448386073112,-1.7562329769134521,-1.708289623260498,237.0,10.0,-5.0,1.0,4.951696712731975,2370,2370.0,473.0974032878876
18739.25327205658,1.475692868232727,-0.625,0.018459977582097054,-1.5698137283325195,-1.5809295177459717,238.0,10.0,-5.0,1.0,5.209919444633526,2380,2380.0,475.01819229125977
18422.005009174347,1.4291613101959229,-0.53125,0.02379605919122696,-1.5412981510162354,-1.5125657320022583,239.0,10.0,-4.0,1.0,5.299097462593472,2390,2390.0,476.9067986011505
17669.92980313301,1.9493159055709839,-0.578125,0.0199455376714468,-2.0205676555633545,-2.02313232421875,240.0,10.0,-5.0,1.0,5.524074010904843,2400,2400.0,478.7187089920044
21601.079559326172,1.8265953063964844,-0.609375,0.018083278089761734,-1.8635557889938354,-1.9261442422866821,241.0,10.0,-7.0,1.0,4.518292696063963,2410,2410.0,480.93328189849854
18976.9708442688,1.4805755615234375,-0.59375,0.025496378540992737,-1.7069315910339355,-1.718282699584961,242.0,10.0,-5.0,1.0,5.142548871516709,2420,2420.0,482.87930703163147
18788.835082530975,1.1195733547210693,-0.46875,0.02713833376765251,-1.1573278903961182,-1.1615574359893799,243.0,10.0,-6.0,1.0,5.193509846213167,2430,2430.0,484.80626010894775
19907.908577919006,1.6276918649673462,-0.5625,0.02483888529241085,-1.6856616735458374,-1.7064603567123413,244.0,10.0,-4.0,1.0,4.901067312928111,2440,2440.0,486.84815979003906
21713.6909866333,1.4412254095077515,-0.40625,0.01294591836631298,-1.4932845830917358,-1.5091304779052734,245.0,10.0,-1.0,1.0,4.493017795088676,2450,2450.0,489.0754237174988
18750.979251861572,1.6261906623840332,-0.546875,0.02079673483967781,-1.7223461866378784,-1.797501802444458,246.0,10.0,0.0,1.0,5.202394962402583,2460,2460.0,490.9991853237152
22119.773273944855,1.5162583589553833,-0.453125,0.011283966712653637,-1.5222046375274658,-1.5225398540496826,247.0,10.0,-3.0,1.0,4.409629284713037,2470,2470.0,493.2683947086334
22703.752262592316,1.3364711999893188,-0.546875,0.009576908312737942,-1.535273790359497,-1.5294440984725952,248.0,10.0,-4.0,1.0,4.295765689828048,2480,2480.0,495.5978419780731
21538.586164474487,1.9490920305252075,-0.578125,0.012055969797074795,-2.0894370079040527,-2.0567660331726074,249.0,10.0,-6.0,1.0,4.527688087570411,2490,2490.0,497.8081154823303
19249.943062782288,1.9627056121826172,-0.5,0.01330660842359066,-2.0303516387939453,-2.0233466625213623,250.0,10.0,-3.0,1.0,5.065469527986562,2500,2500.0,499.7836661338806
22492.68901348114,1.4525903463363647,-0.5625,0.01998608000576496,-1.5603609085083008,-1.5820517539978027,251.0,10.0,-4.0,1.0,4.334741832849009,2510,2510.0,502.09197902679443
18893.849865198135,1.5749573707580566,-0.484375,0.014371347613632679,-1.6789178848266602,-1.6801624298095703,252.0,10.0,-6.0,1.0,5.159880103608394,2520,2520.0,504.0315594673157
21696.917484283447,1.4921764135360718,-0.515625,0.018247470259666443,-1.5912519693374634,-1.5731768608093262,253.0,10.0,-4.0,1.0,4.492804107800631,2530,2530.0,506.2588016986847
18696.28655576706,1.538203239440918,-0.546875,0.009152695536613464,-1.628955364227295,-1.625401258468628,254.0,10.0,-6.0,1.0,5.2133347287584435,2540,2540.0,508.19346165657043
20030.981657505035,1.1441314220428467,-0.484375,0.020636286586523056,-1.2971763610839844,-1.2756301164627075,255.0,10.0,-5.0,0.0,4.8654629945949015,2550,2550.0,510.25093603134155
20961.286118030548,1.845170497894287,-0.609375,0.01325878407806158,-1.9518513679504395,-1.9301397800445557,256.0,10.0,-7.0,1.0,4.64904679280033,2560,2560.0,512.4032692909241
29496.983207702637,1.550789713859558,-0.546875,0.012470575049519539,-1.7337212562561035,-1.7336540222167969,257.0,10.0,-6.0,1.0,3.3033886656773497,2570,2570.0,515.4332301616669
20922.735143184662,1.50826096534729,-0.484375,0.008348164148628712,-1.5907669067382812,-1.603589415550232,258.0,10.0,-3.0,1.0,4.656656949162628,2580,2580.0,517.5821306705475
22052.61475801468,1.7768877744674683,-0.515625,0.012831497006118298,-1.8294121026992798,-1.83418607711792,259.0,10.0,-3.0,1.0,4.417616734749979,2590,2590.0,519.847264289856
18871.120532512665,1.9699630737304688,-0.609375,0.01431372482329607,-2.0142107009887695,-2.025944232940674,260.0,10.0,-5.0,1.0,5.1618556424444595,2600,2600.0,521.7860028743744
20349.822993278503,1.2498692274093628,-0.5,0.03314438834786415,-1.4088380336761475,-1.3284906148910522,261.0,10.0,-3.0,1.0,4.786282417894789,2610,2610.0,523.8766644001007
18475.48743367195,1.6319116353988647,-0.546875,0.016925500705838203,-1.7608656883239746,-1.7335797548294067,262.0,10.0,-4.0,1.0,5.271308827419879,2620,2620.0,525.7752096652985
24431.600160598755,1.8193014860153198,-0.5625,0.019729193300008774,-1.938594937324524,-1.94107186794281,263.0,10.0,0.0,1.0,3.9858216146254035,2630,2630.0,528.2855443954468
21590.977738380432,1.5975903272628784,-0.53125,0.010500943288207054,-1.6316025257110596,-1.6447021961212158,264.0,10.0,-2.0,1.0,4.5097540824616615,2640,2640.0,530.5044023990631
25400.801218032837,1.427184820175171,-0.515625,0.026255829259753227,-1.4700244665145874,-1.4661061763763428,265.0,10.0,-6.0,1.0,3.8329499595028933,2650,2650.0,533.1146621704102
20424.030482769012,1.5212725400924683,-0.5625,0.01799789071083069,-1.5513136386871338,-1.589550495147705,266.0,10.0,-7.0,1.0,4.766444119936589,2660,2660.0,535.2141509056091
23134.68334722519,1.7803163528442383,-0.59375,0.04279728978872299,-1.889672040939331,-1.9110277891159058,267.0,10.0,-7.0,1.0,4.207535436687752,2670,2670.0,537.5924015045166
23509.998121738434,1.4449570178985596,-0.59375,0.013471672311425209,-1.4858545064926147,-1.4841331243515015,268.0,10.0,-8.0,1.0,4.139940781620232,2680,2680.0,540.0093467235565
22179.555587768555,1.2066328525543213,-0.46875,0.012060309760272503,-1.23028564453125,-1.2174568176269531,269.0,10.0,-4.0,1.0,4.387824616903931,2690,2690.0,542.290073633194
26782.20928454399,1.4861347675323486,-0.59375,0.019274070858955383,-1.5977635383605957,-1.5752284526824951,270.0,10.0,-4.0,1.0,3.6333821069853856,2700,2700.0,545.0437958240509
21297.918066978455,1.7064810991287231,-0.5,0.010748696513473988,-1.786320447921753,-1.7864515781402588,271.0,10.0,-4.0,1.0,4.568521659910958,2710,2710.0,547.2341012954712
21680.692693948746,1.4739747047424316,-0.5625,0.01619199477136135,-1.6272010803222656,-1.568849802017212,272.0,10.0,-4.0,1.0,4.487402749228322,2720,2720.0,549.465167760849
19929.768432617188,1.0661640167236328,-0.515625,0.011871222406625748,-1.1072665452957153,-1.1013906002044678,273.0,10.0,-3.0,1.0,4.881140507422601,2730,2730.0,551.5165061950684
18086.924479961395,1.7514039278030396,-0.5625,0.027129463851451874,-1.9106773138046265,-1.8052804470062256,274.0,10.0,-3.0,1.0,5.3779181810465335,2740,2740.0,553.3774690628052
20113.292238235474,1.4599143266677856,-0.53125,0.017467712983489037,-1.5816010236740112,-1.5641112327575684,275.0,10.0,-3.0,1.0,4.835608156436381,2750,2750.0,555.4468457698822
17247.103995084763,1.0835661888122559,-0.453125,0.01902180351316929,-1.1838935613632202,-1.2243292331695557,276.0,10.0,-3.0,1.0,5.638627796742873,2760,2760.0,557.2217991352081
18676.386741638184,1.6931788921356201,-0.640625,0.023737527430057526,-1.772616982460022,-1.7693884372711182,277.0,10.0,-3.0,1.0,5.206574555623637,2770,2770.0,559.1440188884735
18268.24383831024,1.6260461807250977,-0.578125,0.008039641194045544,-1.657692790031433,-1.634526252746582,278.0,10.0,-4.0,1.0,5.322350679165966,2780,2780.0,561.0242929458618
22630.51498746872,1.3530522584915161,-0.5,0.007535875774919987,-1.4575384855270386,-1.460142970085144,279.0,10.0,-6.0,1.0,4.295969404754333,2790,2790.0,563.3534264564514
18427.214136123657,1.493008017539978,-0.546875,0.016528841108083725,-1.5983108282089233,-1.5976171493530273,280.0,10.0,-5.0,1.0,5.275349777882869,2800,2800.0,565.2504422664642
20745.590600967407,1.2672762870788574,-0.484375,0.0077983541414141655,-1.4319779872894287,-1.4135879278182983,281.0,10.0,-3.0,1.0,4.685332988084098,2810,2810.0,567.3860909938812
20590.980533361435,1.2777570486068726,-0.53125,0.013618203811347485,-1.3518699407577515,-1.3777068853378296,282.0,10.0,-7.0,1.0,4.720027773448336,2820,2820.0,569.5060687065125
44338.1687912941,1.5879266262054443,-0.609375,0.014070005156099796,-1.6476246118545532,-1.652485966682434,283.0,10.0,-2.0,1.0,2.191791015489154,2830,2830.0,574.0718379020691
47549.16271805763,1.6927003860473633,-0.46875,0.007029273547232151,-1.8379520177841187,-1.8636283874511719,284.0,10.0,-4.0,1.0,2.0435691071190614,2840,2840.0,578.969409942627
66484.01144981384,1.5996450185775757,-0.546875,0.0246155746281147,-1.7069858312606812,-1.6797640323638916,285.0,10.0,-4.0,1.0,1.4614039959568663,2850,2850.0,585.8351762294769
25075.36089539528,2.0114657878875732,-0.640625,0.018757175654172897,-2.053452968597412,-2.090602397918701,286.0,10.0,-3.0,1.0,3.874321107691023,2860,2860.0,588.4199175834656
22564.699788093567,1.3869807720184326,-0.53125,0.014341008849442005,-1.3625156879425049,-1.3871201276779175,287.0,10.0,-4.0,1.0,4.304954238799873,2870,2870.0,590.744950056076
19961.623630285263,1.4897266626358032,-0.484375,0.011765962466597557,-1.6955089569091797,-1.662668228149414,288.0,10.0,-4.0,1.0,4.865836657326654,2880,2880.0,592.8015215396881
23477.440338134766,1.2982131242752075,-0.46875,0.015324155800044537,-1.365429162979126,-1.3375959396362305,289.0,10.0,-1.0,1.0,4.136737165603463,2890,2890.0,595.2204279899597
21346.340371370316,1.655763030052185,-0.578125,0.014621598646044731,-1.6549543142318726,-1.6693910360336304,290.0,10.0,-5.0,1.0,4.54925754534692,2900,2900.0,597.420004606247
23683.746919631958,1.3187859058380127,-0.453125,0.016768425703048706,-1.4043537378311157,-1.3868744373321533,291.0,10.0,-6.0,1.0,4.099858030466951,2910,2910.0,599.8607108592987
22273.306237459183,1.4629805088043213,-0.484375,0.007370032370090485,-1.5665534734725952,-1.5581541061401367,292.0,10.0,-3.0,1.0,4.359029547068962,2920,2920.0,602.1561589241028
23505.060879707336,1.2645243406295776,-0.484375,0.012820207513868809,-1.374372124671936,-1.3979690074920654,293.0,10.0,-6.0,1.0,4.130174369546613,2930,2930.0,604.5791146755219
28970.6773788929,1.360263466835022,-0.546875,0.008689402602612972,-1.4326324462890625,-1.4193542003631592,294.0,10.0,-7.0,1.0,3.350629283895242,2940,2940.0,607.5650768280029
28143.196222782135,1.4503180980682373,-0.453125,0.03494386374950409,-1.496783971786499,-1.547548532485962,295.0,10.0,-4.0,1.0,3.4487909344649768,2950,2950.0,610.4660933017731
31111.343182325363,1.272703766822815,-0.484375,0.009816586971282959,-1.2880644798278809,-1.270207166671753,296.0,10.0,-10.0,0.0,3.119441016456499,2960,2960.0,613.6733469963074
33024.90874862671,0.9734140038490295,-0.375,0.0069144535809755325,-1.034507155418396,-1.0338212251663208,297.0,10.0,-6.0,1.0,2.9383881341999247,2970,2970.0,617.0948369503021
60017.45911169052,1.4078123569488525,-0.46875,0.022317346185445786,-1.4600660800933838,-1.384969711303711,298.0,10.0,-5.0,1.0,1.6166962319985982,2980,2980.0,623.2857265472412
40655.45861577988,1.6403067111968994,-0.546875,0.024089444428682327,-1.6923973560333252,-1.7169419527053833,299.0,10.0,-5.0,1.0,2.3863954141287924,2990,2990.0,627.4982748031616
30594.227518081665,1.8663835525512695,-0.65625,0.018257882446050644,-1.885831356048584,-1.87962007522583,300.0,10.0,-7.0,1.0,3.170859599009832,3000,3000.0,630.6555123329163
